[{
  "_id": {
    "$oid": "63590ab05406f67a9df1c8a4"
  },
  "email": "pfranzotto0@google.fr",
  "mensaje": "heuristic"
},{
  "_id": {
    "$oid": "63590ab05406f67a9df1c8a5"
  },
  "email": "pmaccaig1@wikipedia.org",
  "mensaje": "Persevering"
},{
  "_id": {
    "$oid": "63590ab05406f67a9df1c8a6"
  },
  "email": "ktampion2@un.org",
  "mensaje": "Synergistic"
},{
  "_id": {
    "$oid": "63590ab05406f67a9df1c8a7"
  },
  "email": "ssudron3@jigsy.com",
  "mensaje": "fresh-thinking"
},{
  "_id": {
    "$oid": "63590ab05406f67a9df1c8a8"
  },
  "email": "wwreford4@slate.com",
  "mensaje": "Right-sized"
},{
  "_id": {
    "$oid": "63590ab05406f67a9df1c8a9"
  },
  "email": "skemmet5@npr.org",
  "mensaje": "fresh-thinking"
},{
  "_id": {
    "$oid": "63590ab05406f67a9df1c8aa"
  },
  "email": "ppaulou6@cdbaby.com",
  "mensaje": "Balanced"
},{
  "_id": {
    "$oid": "63590ab05406f67a9df1c8ab"
  },
  "email": "mfreezer7@ow.ly",
  "mensaje": "Innovative"
},{
  "_id": {
    "$oid": "63590ab05406f67a9df1c8ac"
  },
  "email": "ycasero8@google.it",
  "mensaje": "zero tolerance"
},{
  "_id": {
    "$oid": "63590ab05406f67a9df1c8ad"
  },
  "email": "sdedden9@washington.edu",
  "mensaje": "support"
}]